{
    "loss": 0.9286889433860779,
    "accuracy": 0.8879310488700867
}