{
    "loss": 0.6748490929603577,
    "accuracy": 0.9224137663841248
}