{
    "loss": 0.16796277463436127,
    "accuracy": 0.9482758641242981
}